<?xml version="1.0" encoding="UTF-8"?>
<beans xmlns="http://www.springframework.org/schema/beans"
	xmlns:xsi="http://www.w3.org/2001/XMLSchema-instance"
	xsi:schemaLocation="http://www.springframework.org/schema/beans http://www.springframework.org/schema/beans/spring-beans.xsd">
	
	<bean id="student" class="com.tjoeun.springDI_xml_constructor.Student">
		
		<!-- 
			<constructor-arg> 태그를 사용해서 생성자의 인수로 필드를 초기화시킬 데이터를 전달할 수 있다.
			<property> 태그는 name 속성에서 setter를 실행할 필드 이름을 지정해서 초기화시키는 순서가 상관없지만,
			<constructor-arg> 태그로 생성자를 이용해서 초기화시킬 때는 생성자 인수의 개수와 데이터 타입의 순서를 일치시켜야 한다.
		 -->
			
		<constructor-arg>
			<value>홍길동</value>
		</constructor-arg>
		<constructor-arg value="10"/>
		<constructor-arg value="3"/>
		<constructor-arg value="1"/>
	</bean>
	<bean id="studentInfo" class="com.tjoeun.springDI_xml_constructor.StudentInfo">

		<!-- <constructor-arg>
			<ref bean="studentInfo"/>
		</constructor-arg> -->
		<constructor-arg ref="student"/>
		
	</bean>	
</beans>
