<?xml version="1.0" encoding="UTF-8" ?>
<!DOCTYPE mapper PUBLIC "-//mybatis.org//DTD Mapper 3.0//EN" "http://mybatis.org/dtd/mybatis-3-mapper.dtd">
<mapper namespace="com.tjoeun.vo.MvcBoardVO">

	<!-- id: sql 명령을 식별한다. -->
	<!-- parameterType: sql 명령으로 전달되는 데이터의 타입을 적는다. -->
	<!-- resultType: sql 명령 실행결과 리턴되는 데이터의 타입을 적는다. -->
	
	<!-- 메인 글을 저장한다. -->
	<insert id="insert" parameterType="vo">
		insert into mvcboard (idx, name, subject, content, gup, lev, seq) values (mvcboard_idx_seq.nextval, #{name}, #{subject}, #{content}, mvcboard_idx_seq.currval, 0, 0)
	</insert>

	<!-- 모든 글의 개수를 얻어온다. -->
	<select id="selectCount" resultType="int">
		select count(*) from mvcboard
	</select>		
	 
	 <!-- 1페이지 분량의 글 목록을 얻어온다. -->
	 <select id="selectList" parameterType="java.util.HashMap" resultType="vo">
	 	<![CDATA[
			select * from (
				select rownum rnum, TT.* from (
					select * from mvcboard order by gup desc, seq asc
				) TT where rownum <= #{endNo}
			) where rnum >= #{startNo} 		
		]]>
	 </select>
	 
	 <!-- 조회수를 증가시킨다. -->
	 <update id="increment" parameterType="int">
	 	update mvcboard set hit = hit + 1 where idx = #{idx}
	 </update>
	 
</mapper>














