<?xml version="1.0" encoding="UTF-8"?>
<beans xmlns="http://www.springframework.org/schema/beans"
	xmlns:xsi="http://www.w3.org/2001/XMLSchema-instance"
	xsi:schemaLocation="http://www.springframework.org/schema/beans http://www.springframework.org/schema/beans/spring-beans.xsd">

	<!-- 
		beans 태그 내부에 bean 태그를 이용해서 클래스의 객체(bean)를 생성한다.
		id 속성에 생성할 bean의 이름을 적는다.
		class 속성에 bean을 생성할 클래스 이름을 풀 패키지 이름과 함께 적는다.
	 -->

	<!-- MyCalculator 클래스의 bean을 만든다. -->
	<!-- MyCalculator myCalculator = new MyCalculator()와 같은 기능이 실행된다. -->
	<bean id="myCalculator" class="com.tjoeun.springDI_xml_setter.MyCalculator">
		 
		 <!-- 
		 	생성된 bean의 필드를 초기화하려면 <bean> ~ </bean> 사이에서 한다.
		 	생성자나 setter를 이용해서 bean의 필드를 초기화시킬 수 있다.
		 	
		 	property 태그를 이용해서 setter를 실행하고 필드를 초기화시킨다.
			name 속성에는 setter를 실행할 필드 이름을 적는다.		  
		  -->
		 
		 <!-- 
		 	필드 초기화 방법 - 1: value 속성 사용
		 	myCalculator.setFirstNum(8)와 같은 기능이 실행된다.
		  -->
		 <property name="firstNum" value="8"/>
		 
		 <!-- 
		 	필드 초기화 방법 - 2: value 태그 사용
		 	myCalculator.setSecondNum(5)와 같은 기능이 실행된다.
		  -->
		 <property name="secondNum">
		 	<value>5</value>
		 </property>
		 
		 <!-- 
		 	클래스로 만든 변수: 참조(reference) 변수 => 데이터를 기억하지 않고 객체가 메모리에 생성된 주소를 기억한다.
		 	객체 초기화 방법 - 1 => ref 속성 사용
		  	myCalculator.setCalculator(calculator)와 같은 기능이 실행된다.
		  -->
		 <!-- <property name="calculator" ref="calculator"/> -->
		 
		 <!-- 
		 	객체 초기화 방법 - 2 => ref 태그 사용
		  -->
		  <property name="calculator">
		  	<ref bean="calculator"/>
		  </property>
		  
	</bean>
		 
	<!-- Calculator 클래스의 bean을 만든다. -->		 
	<!-- Calculator calculator = new Calculator()와 같은 기능이 실행된다. -->
	<bean id="calculator" class="com.tjoeun.springDI_xml_setter.Calculator"/>
	
</beans>
