<?xml version="1.0" encoding="UTF-8"?>
<beans xmlns="http://www.springframework.org/schema/beans"
	xmlns:xsi="http://www.w3.org/2001/XMLSchema-instance"
	xmlns:aop="http://www.springframework.org/schema/aop"
	xsi:schemaLocation="http://www.springframework.org/schema/beans http://www.springframework.org/schema/beans/spring-beans.xsd
		http://www.springframework.org/schema/aop http://www.springframework.org/schema/aop/spring-aop-3.2.xsd">

	<bean id="student" class="com.tjoeun.springAOP_xml.Student">
		<property name="name" value="홍길둥"/>
		<property name="age" value="12"/>
		<property name="gradeNum" value="5"/>
		<property name="classNum" value="1"/>
	</bean>
	
	<bean id="worker" class="com.tjoeun.springAOP_xml.Worker">
		<property name="name" value="임걱정"/>
		<property name="age" value="50"/>
		<property name="job" value="회사원"/>
	</bean>

	<bean id="aopTest" class="aopTest.AopTest"/>

	<!-- 
		AOP 설정 준비 사항
		1. pom.xml 파일에 aspectjweaver dependency를 추가한다.
		2. bean 설정 파일 aop namespace를 추가한다.
			=> beans 태그에 xmlns:aop="http://www.springframework.org/schema/aop"가 추가된다.
		3. AOP 메소드가 작성된 클래스의 bean을 생성한다.
	 -->

	<bean id="logAop" class="com.tjoeun.springAOP_xml.LogAop"/>
	
	<!-- <aop:config> 태그 내부에서 AOP를 설정한다. -->
	<aop:config> <!-- AOP 설정 시작 --> <!-- 전체 -->
		
		<!-- 
			<aop:aspect> 태그로 공통 기능 메소드와 연결한다.
			실행할 AOP 메소드가 정의된 클래스의 bean을 지정하고 pointcut을 설정한다.
			id 속성으로 AOP 메소드가 정의된 bean을 식별한다. => 식별이 목적이므로 아무거나 적어도 상관 없다.
			ref 속성은 AOP 메소드가 정의된 bean과 연결한다. => AOP 메소드가 정의된 bran을 참조시킨다.
		 -->
		
		<aop:aspect id="logger" ref="logAop"> <!-- AOP 설정 시작 --> <!-- 메소드가 작성된 클래스 단위 -->
				
			<!-- 
				<aop:pointcut> 태그로 pointcut(공통 기능이 실행될 위치)를 설정한다.
				expression 속성은 within() 또는 execution()을 사용해서 pointcut을 지정한다.
					=> within(): 클래스 단위로 pointcut을 지정한다.
					=> execution(): 메소드 단위로 pointcut을 지정한다.
				id 속성은 pointcut을 식별한다. => 식별이 목적이므로 아무거나 적어도 상관 없다.
				
				within(*): 프로젝트의 모든 클래스의 모든 메소드에 AOP를 적용한다.
				within(*.aopTest): aopTest 패키지의 모든 클래스의 모든 메소드에 AOP를 적용한다.
				within(com.tjoeun.springAOP_xml.*): com.tjoeun.springAOP_xml 패키지의 모든 클래스의 모든 메소드에 AOP를 적용한다.
				within(com.tjoeun.springAOP_xml.Student): com.tjoeun.springAOP_xml 패키지의 Student 클래스의 모든 메소드에 AOP를 적용한다.
			 -->	
			<aop:pointcut expression="within(*)" id="beforeMethod"/>
			<aop:pointcut expression="within(com.tjoeun.springAOP_xml.*)" id="afterReturningMethod"/>
			<aop:pointcut expression="within(com.tjoeun.springAOP_xml.Student)" id="afterThrowingMethod"/>
				
			<!-- 
				설정된 pointcut에 따른 AOP 메소드를 실행한다.
				<aop:before>: 핵심 기능 실행 전
				
				method 속성에는 <aop:aspect> 태그에서 참조시킨 AOP 메소드가 작성된 클래스의 메소드 이름을 지정한다.
					=> 뒤에 ()는 붙이지 않는다.
				pointcut-ref 속성에는 AOP를 적용할 pointcut의 id 속성을 참조시킨다.
			 -->	
			 <aop:before method="before" pointcut-ref="beforeMethod"/>
			<aop:after-returning method="afterReturning" pointcut-ref="afterReturningMethod"/>
			<aop:after-throwing method="afterThrowing" pointcut-ref="afterThrowingMethod"/>
			
		</aop:aspect>
		
	</aop:config> <!-- AOP 설정 끝 -->
	
		
</beans>
